Lorem ipsum dolor sit amet, consectetur adipiscing elit,
sed do eiusmod tempor incididunt ut labore et dolore magna
aliqua. Quam lacus suspendisse faucibus interdum posuere.
Dignissim sodales ut eu sem integer vitae justo eget.
Integer malesuada nunc vel risus. Urna nec tincidunt praesent
semper feugiat nibh sed pulvinar proin. Lacus vestibulum sed
arcu non odio. Montes nascetur ridiculus mus mauris. Potenti
nullam ac tortor vitae purus faucibus ornare suspendisse. 
iam vulputate ut pharetra sit amet. Penatibus et magnis dis
parturient montes.

Lorem ipsum dolor sit amet, consectetur adipiscing elit,
sed do eiusmod tempor incididunt ut labore et dolore magna
aliqua. Quam lacus suspendisse faucibus interdum posuere.
Dignissim sodales ut eu sem integer vitae justo eget.
Integer malesuada nunc vel risus. Urna nec tincidunt praesent
semper feugiat nibh sed pulvinar proin. Lacus vestibulum sed
arcu non odio. Montes nascetur ridiculus mus mauris. Potenti
nullam ac tortor vitae purus faucibus ornare suspendisse. 
iam vulputate ut pharetra sit amet. Penatibus et magnis dis
parturient montes.

Lorem ipsum dolor sit amet, consectetur adipiscing elit,
sed do eiusmod tempor incididunt ut labore et dolore magna
aliqua. Quam lacus suspendisse faucibus interdum posuere.
Dignissim sodales ut eu sem integer vitae justo eget.
Integer malesuada nunc vel risus. Urna nec tincidunt praesent
semper feugiat nibh sed pulvinar proin. Lacus vestibulum sed
arcu non odio. Montes nascetur ridiculus mus mauris. Potenti
nullam ac tortor vitae purus faucibus ornare suspendisse. 
iam vulputate ut pharetra sit amet. Penatibus et magnis dis
parturient montes.

Lorem ipsum dolor sit amet, consectetur adipiscing elit,
sed do eiusmod tempor incididunt ut labore et dolore magna
aliqua. Quam lacus suspendisse faucibus interdum posuere.
Dignissim sodales ut eu sem integer vitae justo eget.
Integer malesuada nunc vel risus. Urna nec tincidunt praesent
semper feugiat nibh sed pulvinar proin. Lacus vestibulum sed
arcu non odio. Montes nascetur ridiculus mus mauris. Potenti
nullam ac tortor vitae purus faucibus ornare suspendisse. 
iam vulputate ut pharetra sit amet. Penatibus et magnis dis
parturient montes.

Lorem ipsum dolor sit amet, consectetur adipiscing elit,
sed do eiusmod tempor incididunt ut labore et dolore magna
aliqua. Quam lacus suspendisse faucibus interdum posuere.
Dignissim sodales ut eu sem integer vitae justo eget.
Integer malesuada nunc vel risus. Urna nec tincidunt praesent
semper feugiat nibh sed pulvinar proin. Lacus vestibulum sed
arcu non odio. Montes nascetur ridiculus mus mauris. Potenti
nullam ac tortor vitae purus faucibus ornare suspendisse. 
iam vulputate ut pharetra sit amet. Penatibus et magnis dis
parturient montes.

Lorem ipsum dolor sit amet, consectetur adipiscing elit,
sed do eiusmod tempor incididunt ut labore et dolore magna
aliqua. Quam lacus suspendisse faucibus interdum posuere.
Dignissim sodales ut eu sem integer vitae justo eget.
Integer malesuada nunc vel risus. Urna nec tincidunt praesent
semper feugiat nibh sed pulvinar proin. Lacus vestibulum sed
arcu non odio. Montes nascetur ridiculus mus mauris. Potenti
nullam ac tortor vitae purus faucibus ornare suspendisse. 
iam vulputate ut pharetra sit amet. Penatibus et magnis dis
parturient montes.

Lorem ipsum dolor sit amet, consectetur adipiscing elit,
sed do eiusmod tempor incididunt ut labore et dolore magna
aliqua. Quam lacus suspendisse faucibus interdum posuere.
Dignissim sodales ut eu sem integer vitae justo eget.
Integer malesuada nunc vel risus. Urna nec tincidunt praesent
semper feugiat nibh sed pulvinar proin. Lacus vestibulum sed
arcu non odio. Montes nascetur ridiculus mus mauris. Potenti
nullam ac tortor vitae purus faucibus ornare suspendisse. 
iam vulputate ut pharetra sit amet. Penatibus et magnis dis
parturient montes.